fenetre_mois,seuil_objet,avis,avec_candidats,confiance_haute,confiance_moyenne,part_rapproches,duree_secondes
6,0.4,300,137,41,76,39.0,8.9
6,0.5,300,137,41,63,34.7,8.9
6,0.6,300,137,41,46,29.0,8.9
6,0.7,300,137,41,40,27.0,8.9
6,0.8,300,137,41,29,23.3,8.9
6,0.9,300,137,41,19,20.0,8.9
12,0.4,300,138,43,81,41.3,11.1
12,0.5,300,138,43,64,35.7,11.1
12,0.6,300,138,43,50,31.0,11.1
12,0.7,300,138,43,42,28.3,11.1
12,0.8,300,138,43,31,24.7,11.1
12,0.9,300,138,43,21,21.3,11.1
18,0.4,300,141,43,83,42.0,12.2
18,0.5,300,141,43,64,35.7,12.2
18,0.6,300,141,43,48,30.3,12.2
18,0.7,300,141,43,41,28.0,12.2
18,0.8,300,141,43,31,24.7,12.2
18,0.9,300,141,43,21,21.3,12.2
24,0.4,300,145,47,84,43.7,15.8
24,0.5,300,145,47,66,37.7,15.8
24,0.6,300,145,47,50,32.3,15.8
24,0.7,300,145,47,44,30.3,15.8
24,0.8,300,145,47,32,26.3,15.8
24,0.9,300,145,47,21,22.7,15.8
36,0.4,300,148,48,86,44.7,18.6
36,0.5,300,148,48,65,37.7,18.6
36,0.6,300,148,48,49,32.3,18.6
36,0.7,300,148,48,44,30.7,18.6
36,0.8,300,148,48,32,26.7,18.6
36,0.9,300,148,48,21,23.0,18.6
