sens,seuil,marches_evalues,signales,concordants,precision_pourcent,rappel_pourcent,part_signalee_pourcent
trop cher,2.0,2053765,122988,39916,32.5,73.2,5.99
trop cher,2.5,2053765,65023,28946,44.5,53.1,3.17
trop cher,3.0,2053765,33600,18526,55.1,34.0,1.64
trop cher,3.5,2053765,14875,9434,63.4,17.3,0.72
trop cher,4.0,2053765,8331,6312,75.8,11.6,0.41
trop cher,4.5,2053765,4949,4363,88.2,8.0,0.24
trop cher,5.0,2053765,3535,3274,92.6,6.0,0.17
trop bas,2.0,2053765,85531,3,0.0,0.0,4.16
trop bas,2.5,2053765,50912,3,0.0,0.0,2.48
trop bas,3.0,2053765,32885,0,0.0,0.0,1.6
trop bas,3.5,2053765,23223,0,0.0,0.0,1.13
trop bas,4.0,2053765,18208,0,0.0,0.0,0.89
trop bas,4.5,2053765,15282,0,0.0,0.0,0.74
trop bas,5.0,2053765,13399,0,0.0,0.0,0.65
les deux,2.0,2053765,208519,39919,19.1,73.2,10.15
les deux,2.5,2053765,115935,28949,25.0,53.1,5.64
les deux,3.0,2053765,66485,18526,27.9,34.0,3.24
les deux,3.5,2053765,38098,9434,24.8,17.3,1.86
les deux,4.0,2053765,26539,6312,23.8,11.6,1.29
les deux,4.5,2053765,20231,4363,21.6,8.0,0.99
les deux,5.0,2053765,16934,3274,19.3,6.0,0.82
