latitude,longitude,marches
48.8,2.4,50533
48.9,2.3,47366
48.9,2.4,45514
43.3,5.4,42241
48.8,2.3,38431
43.6,1.4,30070
50.6,3.1,23651
47.9,1.9,22523
45.2,5.7,20223
44.8,-0.6,19697
48.1,-1.7,19569
45.8,4.8,18245
43.6,3.9,17732
43.7,7.3,17725
45.8,4.9,16831
47.2,6.0,16705
49.1,6.2,15888
48.6,7.7,14299
49.2,-0.4,14290
48.6,7.8,13442
49.4,1.1,13350
47.2,-1.6,13044
42.7,2.9,12595
43.6,1.5,12554
46.7,-1.4,12431
45.4,4.4,12295
43.9,-0.5,11982
45.8,1.3,11731
45.9,6.1,11609
46.2,5.2,11109
43.1,5.9,11053
47.4,0.7,10853
48.0,0.2,10664
48.9,2.2,10450
51.0,2.4,10309
43.3,-0.4,10125
45.6,5.9,9922
45.7,4.8,9902
43.6,3.8,9861
47.5,-0.6,9201
48.1,-0.8,8894
48.8,2.5,8150
45.8,3.1,8110
48.6,2.4,7897
47.3,-2.2,7883
43.9,4.8,7640
48.7,6.2,7462
43.8,4.4,7384
43.7,7.2,7351
46.3,4.8,7223
45.7,4.9,7208
48.3,4.1,7190
48.0,-4.1,7106
41.9,8.7,7098
47.2,-1.5,7095
44.9,-0.6,6898
43.5,-1.5,6895
44.2,0.6,6880
44.9,4.9,6839
49.4,2.1,6835
49.9,2.3,6816
48.1,-1.6,6595
47.3,5.0,6592
43.6,7.1,6554
48.8,2.6,6545
50.4,3.5,6450
48.9,2.5,6355
48.2,6.4,5861
50.3,2.8,5805
48.1,7.3,5403
43.2,0.1,5319
48.9,2.6,5113
46.3,-0.5,5073
49.1,-1.1,5061
49.5,0.1,4965
48.5,-2.8,4957
43.2,2.4,4859
50.4,2.8,4712
43.0,1.6,4657
49.2,5.4,4632
46.8,1.7,4596
50.4,3.1,4555
48.8,2.2,4518
47.0,3.1,4498
44.6,6.1,4476
44.0,1.4,4425
44.9,2.4,4343
47.1,2.4,4322
48.4,-4.5,4313
47.7,-2.8,4182
48.8,7.8,4143
46.6,3.3,4136
47.5,-0.5,4135
47.6,1.3,4120
45.8,1.2,4085
49.2,4.0,4050
49.0,2.4,4021
48.4,1.5,3980
48.8,2.1,3848
49.3,4.0,3828
48.5,2.7,3791
48.7,2.2,3781
48.8,5.2,3743
45.3,1.8,3717
47.1,-0.9,3688
45.6,0.2,3678
47.5,6.8,3543
43.3,3.2,3531
45.0,3.9,3507
47.3,5.1,3493
50.6,3.0,3464
50.7,1.6,3452
49.0,4.4,3410
46.1,-1.2,3328
48.1,7.4,3298
49.6,3.6,3229
48.9,2.1,3216
43.5,5.4,3195
48.7,2.4,3146
46.1,6.4,3135
46.6,0.4,3060
48.5,-2.7,3031
49.0,1.1,3008
49.1,0.2,2978
49.0,2.1,2974
43.8,4.3,2963
43.2,3.0,2961
49.2,-0.3,2961
44.0,4.5,2925
43.6,7.0,2887
43.6,1.3,2880
48.7,2.3,2878
49.6,-1.6,2836
47.8,3.6,2828
43.1,5.8,2824
43.1,6.0,2752
44.1,6.2,2746
50.7,3.1,2735
49.0,2.3,2721
49.0,2.5,2711
47.0,3.2,2677
50.7,3.2,2674
46.0,4.1,2660
50.3,4.0,2639
49.8,4.7,2627
47.3,0.7,2621
49.0,2.2,2585
43.4,5.2,2550
45.2,0.7,2536
47.7,7.3,2536
44.5,3.5,2479
46.1,3.4,2456
45.7,-0.7,2426
43.4,3.7,2384
47.6,6.2,2334
46.4,6.5,2318
47.6,6.9,2314
46.6,0.3,2310
45.8,5.0,2273
45.4,6.6,2255
48.7,2.5,2238
43.6,0.6,2236
43.3,-0.3,2218
49.8,3.3,2208
43.6,5.1,2178
46.7,5.6,2173
44.1,4.1,2164
49.2,1.2,2135
46.3,5.7,2096
48.4,0.1,2093
46.3,2.6,2079
43.3,6.6,2062
49.3,2.5,2056
43.4,6.1,2016
43.6,3.7,1976
43.7,4.6,1966
47.7,-3.4,1953
45.9,3.1,1936
45.5,4.9,1915
49.3,-0.7,1915
48.8,2.0,1912
47.7,-2.7,1895
48.5,7.5,1894
47.3,-0.1,1892
48.8,-1.6,1889
49.4,6.2,1848
47.8,7.3,1828
43.3,6.5,1816
47.9,-3.9,1807
44.3,2.6,1807
49.4,2.8,1791
49.1,7.1,1777
48.7,1.4,1775
43.5,4.9,1764
45.7,6.4,1741
47.3,-2.4,1731
47.1,5.5,1725
43.9,2.1,1690
48.6,2.3,1686
45.9,6.6,1673
47.0,4.8,1645
46.2,-1.1,1641
44.7,-1.2,1625
44.9,-0.5,1617
49.9,3.3,1612
43.2,2.3,1601
45.2,5.8,1597
44.9,-0.2,1580
45.1,5.7,1565
47.2,2.1,1548
50.5,2.6,1542
44.7,4.6,1528
43.7,1.4,1515
45.7,0.2,1515
50.4,2.9,1506
44.4,2.6,1506
48.6,-3.1,1493
47.3,-1.6,1483
48.4,2.7,1481
48.6,2.6,1474
46.8,4.4,1450
47.8,1.9,1450
49.4,1.0,1433
43.7,7.1,1415
45.4,4.3,1407
43.6,4.0,1405
48.8,2.7,1395
48.0,2.7,1391
45.5,4.4,1385
49.5,1.1,1379
49.0,1.2,1362
47.7,-3.0,1354
50.7,2.9,1348
45.3,5.9,1318
46.7,5.5,1317
47.7,-0.9,1295
45.4,5.6,1289
46.2,6.2,1285
48.2,3.3,1275
51.0,2.1,1274
43.6,2.2,1273
47.6,-2.8,1263
43.5,1.4,1256
45.6,4.1,1252
46.8,0.5,1248
44.4,-1.2,1238
49.3,1.0,1238
42.5,3.0,1234
47.3,-1.5,1228
45.9,-1.0,1210
48.6,-3.8,1202
44.9,-0.7,1200
44.0,4.9,1195
44.9,0.5,1195
43.8,4.8,1181
44.6,4.7,1171
48.7,-3.5,1167
43.5,6.5,1157
49.5,0.5,1154
44.6,-1.1,1153
43.4,6.8,1153
46.8,4.8,1149
46.0,4.7,1145
43.5,6.9,1139
43.9,1.9,1138
46.1,6.3,1137
47.7,2.6,1131
46.7,-1.9,1106
49.5,2.1,1100
44.5,1.4,1100
43.9,2.2,1098
43.5,1.3,1095
49.0,-1.4,1094
48.5,7.7,1093
45.6,-1.0,1083
48.7,-1.4,1080
49.3,6.1,1079
47.9,-3.6,1068
48.7,2.1,1066
47.8,7.2,1063
51.0,1.9,1062
48.6,-3.0,1057
47.3,-2.3,1052
48.6,-2.1,1050
48.6,2.5,1044
43.3,3.3,1043
43.4,-0.6,1040
48.7,-2.0,1035
43.7,1.5,1020
44.1,0.9,1014
48.1,-1.2,1012
45.7,5.0,1010
49.6,3.8,1010
42.6,3.0,1008
44.9,6.6,1007
47.9,2.0,1005
45.2,1.5,1003
43.1,6.1,999
46.9,-1.0,998
45.9,5.9,994
47.7,-2.1,990
45.7,5.9,988
44.6,4.4,987
49.8,0.4,983
45.7,-0.6,980
45.6,5.2,978
46.7,0.4,976
50.5,3.0,975
47.8,-1.0,970
46.3,6.1,967
49.0,2.6,966
45.9,4.4,961
43.8,1.4,961
45.9,6.7,958
46.8,-1.5,957
48.9,2.0,957
43.1,1.6,953
45.0,4.8,938
49.1,6.8,926
50.5,2.7,924
44.1,3.1,920
46.8,4.9,915
47.7,-1.4,913
46.5,-1.6,913
50.1,1.8,909
46.2,1.9,909
46.1,6.6,905
49.2,6.9,898
49.2,6.2,897
46.6,-0.3,890
46.1,6.5,881
45.0,5.1,876
45.5,3.3,874
43.5,-1.6,873
46.8,-2.1,872
44.8,-0.5,871
43.5,5.0,869
45.8,6.4,865
47.1,-1.6,864
43.7,6.9,863
44.2,4.6,860
50.7,2.3,854
48.4,-1.8,852
48.3,-0.6,852
45.4,4.8,851
47.2,-0.7,849
45.7,-0.3,849
44.6,4.8,843
47.3,6.0,842
43.4,-1.7,840
43.3,3.5,838
48.1,5.1,832
42.9,1.7,829
48.2,-2.8,828
43.8,4.6,827
43.5,1.5,818
48.8,-3.5,817
47.8,-0.7,814
49.2,2.6,802
47.1,-1.3,801
48.8,3.1,793
45.1,3.9,793
45.7,3.2,789
48.0,-1.7,786
48.4,-4.6,784
51.0,2.3,775
48.8,-0.6,772
49.0,1.7,769
48.5,-2.5,768
46.5,-1.8,761
46.8,-0.5,759
48.4,1.4,755
50.7,2.5,748
45.2,4.7,748
43.2,5.8,747
45.9,4.8,746
45.8,4.6,745
49.2,2.9,742
48.1,-1.8,741
48.8,1.9,739
47.0,-2.3,722
48.1,5.2,720
48.4,2.2,719
43.3,5.6,715
47.4,0.8,713
48.6,6.5,712
48.9,2.7,711
48.6,-2.0,711
46.2,-1.2,710
46.4,6.6,708
43.7,4.2,704
44.8,-0.7,704
43.2,5.6,703
44.2,5.9,701
48.6,2.7,701
45.1,6.0,696
42.7,2.8,695
49.5,1.0,689
48.4,-4.4,689
49.1,2.1,687
44.3,4.8,683
42.8,3.0,681
48.9,6.1,680
46.2,6.7,677
45.8,4.7,676
47.5,-0.1,675
47.2,-1.3,675
45.9,4.7,673
50.4,3.6,667
46.6,3.4,667
43.2,-0.6,666
46.1,6.1,665
47.6,-0.5,664
49.7,-1.8,651
47.3,-1.3,649
47.7,-1.2,649
42.7,3.0,648
43.2,1.1,645
48.7,-3.3,639
48.3,6.9,636
45.0,-0.2,628
43.8,3.9,628
43.2,6.0,627
43.5,5.5,625
45.6,6.0,624
44.5,4.3,620
45.0,5.0,611
44.5,0.2,609
44.7,-1.1,609
47.4,5.1,608
46.2,6.3,607
43.1,0.2,606
45.4,5.3,603
43.2,6.5,603
48.8,-3.4,601
49.0,1.9,600
45.2,6.7,600
43.9,4.9,598
45.6,5.4,596
49.4,0.1,596
48.7,2.6,595
48.4,3.0,594
48.8,-0.9,594
43.6,4.2,594
44.0,5.0,592
45.9,0.9,591
42.7,9.4,590
48.4,7.6,587
43.8,4.7,586
45.3,4.2,586
45.5,6.1,584
46.7,5.9,580
43.5,4.1,579
48.5,-2.1,579
47.1,1.0,578
47.0,-0.2,576
45.1,6.1,573
44.1,1.1,573
45.9,6.3,572
48.1,-1.5,570
46.8,-1.9,569
45.3,3.4,567
43.6,6.7,563
48.9,-0.2,562
45.6,6.8,559
43.8,7.5,559
43.7,4.1,557
43.7,5.5,557
47.3,-1.0,557
50.8,2.3,557
50.4,3.0,555
47.4,5.6,554
48.9,2.8,554
48.5,-2.0,554
47.9,7.4,553
47.9,7.2,553
50.0,4.0,552
43.7,4.4,549
43.8,5.1,540
44.7,6.6,539
47.6,-2.5,538
48.2,0.7,538
47.4,-0.8,537
49.3,-1.5,537
44.1,5.1,537
42.7,9.5,536
48.3,0.8,534
45.9,6.9,532
47.9,-2.8,531
47.4,0.6,530
43.4,5.0,530
49.3,2.6,528
43.7,4.0,526
49.9,1.1,524
45.7,4.7,522
49.3,2.4,516
43.2,-0.2,516
48.6,1.8,515
42.6,2.8,514
44.4,1.4,511
44.0,1.1,510
43.8,1.3,509
49.5,0.2,507
43.5,-1.4,506
47.4,-0.9,504
43.2,6.6,503
50.9,1.9,501
49.3,-0.1,501
43.7,-1.0,497
47.4,-1.9,494
48.4,2.8,494
49.0,4.0,493
50.5,1.6,492
43.5,3.9,490
45.5,6.5,490
47.6,-0.7,486
46.4,6.1,481
43.3,1.2,480
45.9,5.3,477
48.8,7.6,477
45.8,1.1,476
45.7,5.4,476
43.4,5.3,475
47.8,-3.3,474
48.2,-1.5,474
46.1,3.5,473
43.4,-1.8,473
46.3,6.6,472
48.3,7.5,471
48.6,6.3,468
46.9,4.3,468
47.8,-0.3,467
48.2,1.4,465
49.9,2.5,464
49.1,1.5,464
48.5,2.8,462
46.3,6.3,461
43.7,4.3,459
50.8,3.1,459
45.2,6.1,459
43.4,3.1,458
43.4,1.4,457
48.1,0.2,457
46.6,5.2,455
48.0,-1.8,455
44.0,0.4,454
49.2,2.1,453
46.3,3.3,452
46.5,5.6,450
48.0,2.8,450
48.7,7.8,450
45.1,5.6,449
43.6,4.1,447
46.4,0.9,446
43.5,1.2,445
45.9,1.3,442
47.4,-2.1,442
45.9,6.4,442
49.1,6.7,440
44.0,4.4,440
47.1,5.0,438
48.0,1.9,436
47.9,-4.0,433
49.6,3.2,431
45.0,-0.4,430
48.6,3.3,430
47.2,5.4,430
50.3,3.5,429
44.0,4.8,429
49.1,2.7,429
45.7,5.1,427
49.2,2.4,425
47.9,2.2,425
49.5,5.9,423
43.9,1.4,423
45.5,3.7,420
43.4,-0.4,420
46.6,4.9,418
49.2,2.3,417
47.9,-4.2,414
48.8,7.9,414
45.9,3.5,413
45.2,4.8,413
46.1,5.8,412
44.4,0.6,411
46.5,4.1,410
47.2,-1.7,410
45.6,6.7,409
51.0,2.2,409
48.0,6.6,409
47.2,0.2,409
45.9,-0.5,409
45.3,5.6,409
49.5,2.4,406
45.1,4.1,405
49.9,2.4,404
50.0,1.2,404
47.6,2.7,403
48.7,-1.9,402
49.6,0.8,400
44.1,4.8,399
43.2,6.3,398
47.0,-1.0,398
48.2,6.5,398
48.5,-4.3,397
46.0,6.1,396
48.1,-3.0,396
48.3,1.8,395
44.6,6.5,395
47.4,-1.2,393
46.9,6.3,392
46.3,-0.4,392
49.0,4.3,391
45.7,0.3,391
48.2,-1.7,390
45.8,5.7,387
45.6,5.3,386
49.1,3.6,384
44.0,2.9,383
47.5,4.3,382
44.8,5.4,382
47.6,7.6,380
43.9,5.1,379
48.7,-4.0,379
47.9,0.2,375
46.5,-1.2,375
50.5,2.5,375
45.4,6.0,375
46.9,4.8,374
48.2,5.9,368
48.8,1.6,366
44.5,1.3,366
49.8,0.6,366
47.9,-0.5,365
43.8,5.8,365
47.9,-2.4,365
49.4,2.4,364
49.2,5.9,364
43.8,7.2,363
47.6,-2.6,363
44.7,5.0,362
44.0,5.1,361
47.3,6.8,359
46.0,6.0,359
48.4,-1.2,358
43.2,0.0,356
43.7,-1.3,354
47.7,-0.1,354
48.3,7.4,353
46.1,-0.8,353
48.2,7.2,352
44.7,6.3,352
44.4,0.7,351
43.6,2.3,351
48.0,-1.5,350
43.8,5.0,350
43.1,-0.0,349
48.5,2.6,349
42.3,9.1,349
45.7,6.3,347
46.6,1.1,347
43.8,2.1,346
50.5,3.2,346
47.7,7.4,346
45.8,3.4,343
48.2,7.3,343
42.5,2.7,343
48.5,-4.4,342
50.5,3.1,342
48.5,-4.1,340
45.4,-1.1,339
48.2,-4.1,338
43.1,0.7,338
48.7,6.3,337
47.6,7.2,336
49.2,2.5,336
48.5,-4.2,336
49.2,6.0,336
46.7,4.4,336
44.5,-0.8,335
49.4,0.2,335
48.7,7.4,335
49.1,-0.5,335
47.9,0.4,334
50.3,3.9,334
50.2,3.2,333
49.1,-0.3,333
47.5,7.0,333
49.3,-0.3,333
48.9,7.8,332
44.9,-0.4,332
46.9,6.4,331
48.1,1.4,329
45.6,4.2,329
48.0,7.5,329
45.6,4.8,328
48.3,2.7,328
45.8,3.2,327
43.8,4.1,327
43.7,3.9,326
47.9,0.7,326
50.5,1.8,324
47.8,0.3,324
46.9,-2.0,324
45.2,4.3,324
45.5,4.5,322
47.1,3.9,321
45.1,4.8,321
42.3,9.2,321
48.7,-0.0,321
45.1,5.3,320
43.6,1.1,320
43.5,5.6,319
47.9,-0.0,319
43.4,6.6,319
46.2,4.2,318
46.0,5.4,315
49.8,2.0,315
48.2,2.3,314
45.1,3.5,314
49.1,2.2,313
42.5,2.1,312
47.3,-1.4,311
47.3,-1.8,311
48.3,-3.6,310
43.0,3.0,310
43.5,2.0,310
50.1,1.4,308
50.3,3.3,308
43.2,6.1,308
46.7,-1.6,308
45.3,4.7,307
47.5,-3.1,307
48.2,7.5,306
45.5,4.2,305
48.4,2.9,305
43.9,5.4,305
45.7,4.2,304
49.0,3.4,303
45.5,1.2,303
48.2,-2.0,302
48.7,0.9,301
43.4,3.4,300
45.5,4.6,298
43.2,5.7,297
46.7,2.5,297
48.5,-4.6,296
49.0,7.9,295
42.9,1.8,294
45.6,4.9,294
44.5,2.8,294
43.7,1.3,293
44.4,4.7,293
46.9,-1.2,293
47.0,-1.6,290
47.4,2.9,290
47.9,-1.7,289
45.0,-0.8,289
48.0,0.3,288
43.4,3.8,288
46.3,6.4,288
45.6,4.7,287
47.8,2.4,287
49.0,2.0,285
48.3,-1.2,284
44.5,1.0,284
47.4,-1.5,284
48.5,0.5,284
47.6,6.1,284
43.0,-0.1,284
47.9,-1.4,284
43.3,0.1,284
43.1,0.6,284
49.4,2.6,283
45.6,5.1,283
49.2,6.7,283
45.5,2.9,281
45.6,5.0,281
48.4,-1.3,281
44.4,2.0,281
43.6,3.4,281
50.4,3.4,280
48.1,-3.6,280
45.9,3.3,279
50.3,3.2,279
50.1,4.8,279
48.1,-2.0,279
48.7,7.7,277
47.4,-0.5,277
46.3,4.9,277
47.6,-1.6,276
50.4,2.0,276
48.3,-1.8,276
45.1,5.8,275
48.8,0.6,275
48.8,7.5,274
49.3,1.2,273
48.6,-1.7,272
48.1,2.1,272
42.8,1.8,271
43.6,5.0,271
46.5,3.4,270
46.0,4.0,270
50.3,1.7,268
47.4,5.0,267
42.5,3.1,266
50.6,2.7,264
45.5,-1.1,263
49.6,3.7,263
48.3,-4.4,262
47.6,-1.8,261
47.2,5.2,260
46.2,0.3,259
48.8,0.9,258
47.4,6.4,258
43.3,2.0,258
47.9,1.8,257
48.0,-2.1,257
50.7,2.6,257
43.6,3.5,256
42.6,2.4,255
48.3,-0.0,254
48.3,-0.9,253
46.7,-2.3,252
47.2,5.1,252
48.3,-2.5,252
44.3,3.6,252
49.1,0.6,251
46.0,5.3,251
48.6,2.2,251
44.2,5.1,250
48.0,-0.1,249
43.6,3.2,248
46.0,1.4,248
48.5,-1.8,247
43.7,5.3,247
48.3,5.7,247
49.3,1.6,247
48.4,-4.3,247
48.2,2.2,247
47.3,-1.7,246
48.9,1.9,245
48.6,-0.4,244
45.9,-1.3,244
46.0,4.3,243
50.4,3.3,243
46.0,6.2,243
49.5,-1.6,243
44.4,5.0,242
42.7,2.6,241
48.7,2.0,241
50.0,2.6,240
49.6,2.3,240
43.6,1.2,240
43.5,-0.8,240
43.4,5.4,239
49.5,2.9,239
48.7,7.0,238
46.5,4.0,238
46.1,4.8,238
49.0,3.1,238
43.7,2.7,238
47.9,5.3,238
48.1,-4.3,237
46.6,-1.6,237
47.6,1.6,237
49.1,2.5,237
44.6,-0.9,236
46.2,1.5,236
45.7,0.1,235
50.4,2.3,235
48.0,0.4,235
43.2,3.1,235
48.5,3.5,235
44.1,1.5,235
46.1,6.7,235
47.6,4.3,235
49.9,2.8,234
46.5,-0.4,233
48.2,-1.8,233
44.0,5.8,233
43.5,7.0,233
45.0,3.1,233
45.1,2.9,232
48.0,1.2,231
49.7,1.9,231
50.4,1.6,231
43.4,5.7,231
46.9,-0.6,230
44.8,-0.8,229
44.7,-1.0,229
49.1,-1.0,229
44.9,3.9,228
44.0,1.2,228
46.1,4.1,228
45.5,4.3,228
47.2,3.0,227
47.8,7.0,227
47.4,1.7,226
48.0,7.3,225
42.9,3.0,225
45.9,1.2,225
48.6,7.5,225
49.6,3.0,224
45.6,4.3,223
47.7,-3.2,223
47.0,3.8,222
48.7,7.1,222
47.7,-2.4,221
45.0,6.5,221
47.5,0.6,221
50.7,2.2,220
50.7,3.0,220
48.8,-0.7,218
43.6,6.0,218
49.6,1.0,218
50.7,2.8,218
45.8,5.1,217
43.5,3.4,217
44.1,5.0,217
43.9,4.4,217
48.0,0.1,217
48.1,-0.0,217
43.5,6.6,216
49.6,1.5,216
48.9,7.9,215
44.3,4.7,215
43.7,-1.1,215
48.4,-4.7,214
43.2,5.5,213
47.9,0.3,213
47.3,-1.9,213
45.1,1.3,213
45.4,6.5,213
44.1,6.9,212
48.5,2.4,212
49.1,2.4,212
48.5,1.5,212
45.0,-1.1,212
47.9,2.1,211
48.1,-1.4,211
47.2,-1.0,209
48.5,-4.7,209
48.8,3.3,209
49.1,2.3,208
46.2,-1.4,208
48.4,0.8,208
43.1,-0.4,208
47.7,6.5,208
48.6,-4.5,207
47.9,-3.0,207
43.9,1.5,207
42.8,2.9,206
47.4,0.4,205
45.9,6.0,205
44.4,5.1,205
47.5,3.9,205
45.0,5.4,205
44.8,-0.3,204
48.3,6.1,204
43.5,1.6,204
45.3,6.4,204
47.6,7.5,202
43.9,5.0,202
46.3,6.8,202
46.0,6.6,202
47.4,1.0,201
47.5,2.4,201
44.5,3.3,200
47.9,4.0,199
44.8,0.2,198
48.6,6.2,198
45.2,4.2,198
48.2,-0.1,198
43.4,6.3,198
46.9,-1.9,197
45.4,5.5,197
43.5,3.2,197
42.5,2.8,197
44.0,3.6,197
49.7,4.9,196
50.5,2.9,195
43.4,6.4,194
47.1,-1.5,194
45.4,0.7,194
47.0,-1.8,194
43.9,4.6,193
47.8,1.1,193
49.5,-1.5,192
46.9,-2.1,192
45.3,4.3,192
48.0,3.4,191
48.1,0.5,190
44.7,-0.6,190
46.0,4.8,189
44.4,3.2,188
43.8,7.3,188
48.2,-4.5,188
45.6,5.6,187
50.2,3.8,186
46.9,-0.9,186
45.6,0.1,186
48.5,2.5,186
48.9,7.7,186
44.2,1.5,185
44.3,2.4,184
43.7,0.6,184
43.8,4.5,184
45.3,6.9,184
47.9,-2.9,184
48.0,-0.8,183
48.4,7.4,183
49.1,6.9,183
47.7,0.3,182
49.6,1.4,182
47.8,6.4,181
50.8,3.0,181
47.4,-1.6,181
49.0,2.9,181
42.8,0.6,181
48.3,1.2,181
46.5,3.3,180
46.2,5.3,180
48.9,2.9,179
48.8,8.0,179
43.3,2.4,179
48.9,8.1,179
48.0,-2.5,178
45.5,6.0,178
43.4,-1.4,178
48.6,0.2,178
43.9,4.7,178
47.3,0.6,178
48.9,0.2,177
50.2,3.6,177
46.7,0.3,177
44.1,4.9,177
43.5,2.4,176
44.6,6.2,176
48.7,1.9,176
43.4,1.2,176
43.2,2.8,175
48.6,-2.8,175
46.7,-1.0,175
44.6,-0.0,175
46.1,1.0,175
49.5,1.7,175
49.6,0.5,175
50.9,2.5,174
46.1,6.0,174
45.8,5.9,174
47.5,-1.8,174
41.7,9.1,174
50.6,3.2,173
44.9,1.2,173
47.2,-0.1,173
43.2,5.4,173
49.0,6.2,172
46.2,6.0,172
48.0,-4.5,171
48.6,6.1,171
49.6,2.6,170
49.3,6.2,170
48.3,0.7,170
48.7,2.8,170
44.8,-1.1,170
48.3,7.0,170
48.3,-4.2,169
44.2,-1.2,169
43.4,0.3,168
43.5,5.3,168
48.5,-4.8,168
45.0,-0.7,168
45.8,3.5,167
48.6,1.7,167
49.0,7.6,167
45.4,4.7,167
50.6,2.5,166
49.1,6.6,166
48.8,2.8,166
46.6,3.8,165
47.8,-1.8,165
44.1,1.2,164
43.9,2.8,164
45.3,6.3,164
43.6,6.2,164
50.8,2.6,163
45.8,5.3,163
45.9,6.8,163
44.7,-0.5,162
44.4,6.6,162
48.0,-0.2,162
48.0,3.5,162
48.7,5.9,162
44.6,2.3,162
43.3,6.1,161
45.2,5.3,161
42.7,1.8,161
48.7,7.6,161
48.2,-2.4,160
45.7,5.3,160
45.2,1.6,160
48.0,-1.9,160
48.2,-1.9,159
44.6,2.0,159
46.4,-0.2,158
45.1,4.3,158
45.4,0.9,157
45.0,3.5,157
48.3,-1.4,157
49.1,-0.1,157
42.6,8.8,157
48.5,3.7,156
44.1,6.1,156
48.1,-1.9,156
44.5,1.1,156
48.2,5.8,156
48.0,-4.4,156
45.0,4.1,155
47.2,0.1,155
43.6,6.8,154
44.1,5.2,154
50.1,3.4,154
47.5,0.7,154
49.1,4.5,154
48.5,7.6,154
49.2,6.8,154
43.7,7.4,154
47.3,-2.5,153
47.3,0.8,153
47.4,-0.2,153
45.9,0.0,153
46.4,-0.8,152
47.0,-2.0,152
49.5,5.8,152
48.8,-3.0,152
47.8,1.7,152
47.3,5.2,152
45.9,4.2,152
44.2,4.9,152
45.2,6.5,152
48.5,2.2,152
50.8,1.6,151
47.0,-2.2,151
45.2,4.1,151
44.7,3.9,151
45.0,-0.1,151
47.8,-2.1,150
48.6,-4.3,150
48.2,-3.3,150
46.4,4.7,149
41.7,8.9,149
45.0,0.2,149
44.0,1.3,149
49.1,7.4,149
50.3,3.1,148
43.6,-1.4,148
48.4,7.7,148
45.4,0.1,147
47.0,-1.2,147
49.4,0.8,147
42.5,2.0,147
50.4,3.2,147
45.4,1.2,147
43.5,5.9,147
47.8,7.1,147
48.9,3.5,147
43.5,6.7,147
46.6,-0.2,146
48.5,2.0,146
46.3,2.7,146
47.7,1.5,146
47.2,-2.1,146
49.0,0.9,145
46.0,2.9,145
49.3,1.9,144
47.4,-2.2,144
46.1,3.2,144
48.1,1.3,144
44.6,-0.2,144
46.4,-0.7,144
44.6,6.7,144
41.9,8.8,144
47.8,7.4,143
47.9,0.1,143
43.7,4.8,143
45.9,4.9,142
43.7,1.6,142
44.4,2.5,141
50.3,4.1,141
50.3,2.6,141
43.4,3.5,141
45.2,0.3,141
48.0,7.1,141
43.7,3.3,140
48.2,-3.8,140
43.6,5.3,140
49.5,5.7,140
45.2,5.9,140
49.7,3.3,140
43.4,5.8,139
45.9,6.2,139
50.3,3.4,139
48.3,6.4,139
47.3,-2.0,139
47.6,-3.1,139
44.6,4.5,139
46.4,5.7,139
48.6,-3.7,139
44.8,4.8,138
48.6,4.9,138
43.4,1.7,138
50.3,3.6,138
45.5,5.1,138
44.1,6.0,137
48.6,3.0,137
46.3,6.5,136
48.1,2.8,135
45.1,3.1,135
43.4,5.5,135
47.7,-2.2,135
47.3,0.5,135
43.3,6.0,134
46.8,3.5,134
43.0,-0.4,133
47.6,6.0,133
48.4,1.2,133
45.8,6.0,133
49.3,-0.4,132
43.7,-0.3,132
47.7,-0.2,132
45.7,3.0,132
48.4,-1.9,132
49.3,2.2,132
45.1,0.5,132
46.4,4.3,131
46.4,4.8,131
46.4,5.8,131
46.7,-1.5,131
46.0,3.5,131
48.6,6.4,131
44.7,4.4,131
48.0,2.1,130
44.7,0.4,130
48.1,2.4,130
43.1,3.1,130
43.4,1.5,129
48.0,4.9,129
47.5,-2.8,129
45.3,2.2,129
48.4,-4.8,128
47.6,-3.5,128
44.8,0.7,128
46.1,4.3,128
44.0,2.5,128
43.6,6.9,128
47.8,-3.2,128
48.7,2.9,128
49.3,-0.5,128
42.9,1.6,128
46.3,4.7,127
47.2,6.3,127
45.4,3.3,127
46.8,-0.1,127
43.6,5.5,127
48.5,0.8,127
44.0,3.9,127
47.7,-3.3,127
48.5,2.3,126
43.1,6.2,126
48.3,2.4,126
48.5,1.0,126
49.5,-1.9,126
46.0,0.7,125
48.0,-4.6,125
45.8,0.2,125
43.8,4.2,125
47.9,2.9,125
47.8,-1.9,125
43.5,-0.9,124
48.7,7.9,124
45.1,5.5,124
48.0,-1.6,124
43.7,-0.8,124
46.0,5.8,123
48.8,6.1,123
47.1,-2.1,123
47.6,6.8,123
47.6,-2.7,123
47.2,-1.4,122
43.4,-0.7,122
43.9,4.0,122
47.3,1.0,122
43.1,1.9,122
45.9,4.5,122
47.8,2.0,122
47.7,5.3,121
47.5,-2.0,121
48.1,0.7,121
49.4,4.7,120
43.1,0.4,120
47.6,1.4,120
43.8,4.9,120
43.5,3.8,120
50.4,2.7,120
49.4,1.4,119
44.8,-0.1,119
48.5,-0.2,119
48.2,-3.0,119
47.5,-1.2,119
48.3,-3.2,119
47.5,-1.9,119
47.1,6.3,118
44.7,-0.7,118
43.9,1.3,118
47.6,0.2,118
43.6,0.9,118
50.6,2.9,118
48.5,6.5,118
43.6,5.2,117
43.7,1.2,117
45.3,4.1,117
43.5,6.1,117
46.9,-2.2,117
50.1,3.9,116
44.4,0.3,116
44.3,2.0,116
44.5,6.1,116
49.0,2.7,116
43.2,-0.3,116
43.5,1.1,116
45.8,6.2,116
47.6,-2.2,116
44.8,1.2,116
45.8,6.5,116
46.4,2.2,115
46.4,6.3,115
48.5,-3.0,115
47.7,-1.7,115
49.9,2.9,114
47.6,2.0,114
43.4,-0.5,114
47.8,-3.4,114
45.1,3.8,114
48.6,2.1,114
45.4,2.6,114
49.1,-0.2,114
49.8,2.7,113
50.7,1.8,113
43.4,5.6,113
42.9,1.9,113
43.7,3.8,113
49.4,1.2,113
46.5,-0.8,113
46.7,5.2,112
49.4,5.9,112
43.3,-0.2,112
43.3,5.5,112
44.8,1.9,112
45.0,0.4,111
45.6,6.3,111
43.7,7.0,110
48.3,4.0,110
46.3,-0.3,109
44.2,4.2,109
45.1,-0.4,109
43.9,1.0,109
43.4,1.3,109
45.9,5.1,108
45.0,4.9,108
46.3,1.7,108
47.8,-3.5,108
43.4,-1.6,108
48.3,0.3,107
47.9,2.5,107
46.1,3.9,107
44.4,4.4,107
46.1,4.9,107
47.3,5.7,107
44.1,2.2,106
48.8,-1.0,106
48.3,0.4,106
48.1,6.0,106
48.1,6.9,106
45.6,5.5,106
48.4,-1.4,106
45.7,5.8,106
48.4,6.3,106
46.4,5.9,105
43.3,5.2,105
48.6,2.8,105
47.5,-2.9,105
48.9,-0.8,105
46.8,-1.1,105
43.9,3.2,105
46.6,-1.9,105
44.8,0.5,105
46.6,4.2,105
49.1,5.0,104
44.0,-0.9,104
43.9,2.0,104
48.0,0.9,104
43.3,-1.0,103
42.9,0.2,103
46.9,-1.1,103
49.0,3.0,102
45.7,3.1,102
44.7,4.8,102
43.8,-1.3,102
48.2,4.7,102
46.8,-1.6,101
45.3,5.2,101
47.1,-0.5,101
49.8,0.9,101
47.8,-4.2,100
47.5,-1.3,100
44.6,-1.0,100
47.9,-0.4,100
45.5,0.7,100
49.4,6.1,99
47.4,-2.0,99
48.0,0.5,99
47.6,0.9,99
46.3,5.1,99
43.7,5.8,99
48.1,0.3,98
48.2,-4.2,98
46.0,6.3,98
47.9,0.5,98
47.4,-1.4,98
46.8,-1.0,98
47.5,0.9,98
49.1,2.8,97
48.3,-4.7,97
46.6,1.5,97
47.6,7.1,97
48.6,1.4,97
47.8,5.6,97
49.6,1.1,97
47.8,-2.4,97
44.9,5.0,97
48.8,1.2,97
49.4,2.7,96
45.5,2.3,96
43.8,0.7,96
44.7,6.1,96
50.9,1.8,96
43.7,5.2,96
45.1,1.7,95
44.0,4.7,95
45.3,5.0,95
45.7,4.6,95
48.4,0.3,95
47.0,0.1,95
50.0,2.7,95
44.3,-1.1,95
43.7,1.7,95
43.4,3.2,94
44.5,4.8,94
45.4,5.7,94
49.0,-0.6,94
48.1,0.4,94
47.1,4.8,94
46.4,2.5,93
46.8,5.7,93
47.6,4.0,93
47.9,-2.6,93
46.4,-0.1,93
47.9,-0.9,93
46.6,2.0,93
49.2,-1.4,92
44.2,7.1,92
43.9,3.7,92
49.4,2.2,92
49.6,5.2,92
49.1,6.1,92
47.2,1.6,92
45.8,-0.1,92
43.4,1.1,92
49.0,8.0,91
46.7,4.7,91
48.4,4.7,91
45.8,4.5,91
43.3,1.5,91
43.7,-1.4,91
44.5,6.6,91
47.3,1.4,91
44.1,4.7,90
43.4,-1.3,90
46.3,-1.0,90
44.4,4.6,90
50.5,2.8,90
43.8,5.9,90
44.3,5.8,90
49.0,-0.5,90
48.9,3.2,89
45.0,4.0,89
45.4,4.2,89
46.6,-1.2,89
47.8,0.2,89
50.5,3.6,89
44.9,1.5,89
48.4,7.5,89
42.6,2.9,89
45.1,4.0,89
43.8,2.8,89
47.8,-1.7,88
49.7,0.8,88
47.9,-0.1,88
48.6,7.6,88
49.5,1.9,88
45.1,5.0,88
47.7,0.1,87
45.7,6.6,87
48.7,2.7,87
49.3,6.3,87
45.6,4.4,87
45.5,5.7,87
49.4,0.5,87
48.3,-1.6,87
46.0,4.4,87
43.8,1.6,86
47.9,4.6,86
48.2,3.0,86
48.0,7.4,86
44.3,4.6,86
47.3,6.6,86
46.1,1.3,86
43.2,1.2,85
51.1,2.5,85
48.7,7.5,85
43.4,-0.3,85
43.3,5.9,85
49.4,3.3,85
49.0,1.8,85
47.9,3.1,85
46.6,-0.7,84
49.7,1.6,84
44.0,4.3,84
46.1,4.7,84
48.6,-2.5,84
43.7,6.8,84
49.0,2.8,83
48.3,-2.2,83
47.0,2.2,83
47.1,-1.9,83
45.7,3.3,83
45.7,4.4,83
48.6,-1.8,83
48.5,6.7,83
47.5,-2.4,83
45.8,6.6,82
48.2,-1.4,82
44.6,2.1,82
50.9,2.1,82
45.6,5.8,82
49.4,6.3,82
41.6,9.3,82
48.6,7.4,82
50.5,3.3,82
47.2,-2.2,82
51.0,2.0,82
43.3,5.1,82
43.0,2.4,81
45.5,6.6,81
49.2,4.1,81
47.1,-1.2,81
43.3,1.1,81
46.8,-2.0,81
49.2,6.1,81
43.2,1.6,81
46.2,-0.2,81
48.0,5.3,81
49.0,1.6,81
44.9,0.4,80
44.9,0.2,80
48.8,1.7,80
42.9,2.2,80
44.5,1.2,80
46.8,-1.8,80
48.6,-3.3,80
50.9,2.0,80
47.3,4.2,80
48.0,-4.2,79
45.4,6.3,79
45.0,5.7,79
48.6,-2.9,79
45.5,6.3,79
47.5,1.2,79
46.9,2.6,79
45.3,1.5,79
45.4,5.8,79
42.0,9.4,79
43.1,0.9,79
48.3,6.6,79
47.3,1.1,79
45.7,0.9,78
44.8,2.7,78
47.7,-2.9,78
45.6,4.6,78
43.5,2.8,78
48.2,-0.2,78
45.9,2.7,78
48.1,-4.2,78
44.7,4.2,78
47.9,1.2,78
44.4,5.3,78
50.6,2.8,78
46.2,-0.9,77
48.5,-1.6,77
48.2,0.9,77
47.9,-1.8,77
46.1,4.5,77
46.4,6.8,77
48.6,1.6,77
48.4,0.7,77
49.1,2.6,77
43.3,3.1,77
48.6,-2.3,77
48.5,-2.2,77
45.4,-0.4,76
49.9,1.3,76
50.4,2.6,76
49.8,4.6,76
45.8,1.5,76
47.9,7.0,76
48.7,-3.0,76
45.3,6.0,76
48.2,1.9,75
45.4,2.3,75
46.3,5.2,75
46.3,3.6,75
43.8,2.2,75
49.2,1.4,75
44.3,4.2,75
47.5,4.4,75
48.5,-4.0,75
43.4,3.6,75
49.3,2.7,75
45.9,5.8,75
45.1,3.7,75
48.3,-4.5,75
45.8,6.7,75
44.9,2.3,75
45.1,3.6,75
49.2,1.3,74
44.0,7.3,74
44.3,1.4,74
45.2,4.4,74
48.6,-1.9,74
43.7,5.4,74
48.2,-2.6,74
43.3,1.3,74
46.9,4.7,74
44.9,4.4,74
48.9,1.4,74
44.9,5.4,73
46.8,-1.4,73
44.7,-0.1,73
43.0,1.1,73
50.6,1.6,73
46.4,6.0,73
49.3,0.9,73
44.5,4.2,73
48.5,1.7,73
44.7,0.6,73
43.9,0.7,73
49.3,0.2,73
49.5,2.8,73
45.2,5.4,73
49.4,6.0,72
48.9,7.4,72
48.4,-4.2,72
42.5,8.9,72
46.4,-1.5,72
50.8,2.2,72
48.2,0.1,72
44.7,2.9,72
45.7,1.2,72
50.9,2.2,72
48.6,1.0,72
43.9,4.3,72
44.9,4.0,72
49.3,1.8,72
44.6,3.3,72
46.7,5.0,72
47.5,5.1,72
45.4,0.6,71
47.7,6.9,71
43.8,-0.4,71
48.9,-0.6,71
43.3,6.2,71
45.7,6.1,71
43.2,2.1,71
44.9,6.7,70
43.7,5.0,70
46.0,3.2,70
43.5,6.8,70
43.5,6.4,70
46.5,6.0,70
49.7,0.6,70
47.1,5.9,70
45.9,5.2,70
48.7,6.5,70
48.5,0.4,70
49.8,3.1,70
49.9,1.6,70
46.4,-0.4,70
47.2,-2.0,70
43.4,4.8,69
48.2,1.2,69
47.9,6.8,69
44.7,5.1,69
44.4,4.1,69
49.2,2.7,69
45.6,2.8,69
49.5,2.0,69
47.6,-2.1,69
46.3,5.4,68
44.9,1.6,68
44.9,1.0,68
43.2,-0.4,68
43.5,3.7,68
46.6,5.4,68
43.9,-0.6,68
45.0,3.8,68
46.8,6.4,68
43.3,-1.4,68
42.5,9.5,68
47.7,-2.6,68
50.1,1.5,68
43.5,5.2,68
48.2,-2.2,68
49.0,6.6,67
48.4,-2.0,67
45.2,4.0,67
49.8,1.8,67
50.3,2.9,67
46.1,5.9,67
43.8,1.5,67
45.8,5.2,67
48.5,7.4,67
43.4,0.1,67
48.0,-3.8,67
46.4,-1.4,67
44.5,0.8,66
48.6,-4.4,66
48.2,-1.6,66
43.3,1.6,66
43.5,5.7,66
47.8,-3.6,66
45.1,1.2,66
45.7,6.5,66
48.3,2.0,66
46.2,5.6,66
45.2,2.3,65
46.2,3.4,65
49.6,4.5,65
49.0,5.2,65
42.8,9.5,65
47.5,0.5,65
50.0,3.9,65
47.9,3.4,65
47.1,2.2,65
48.0,-1.4,65
43.6,-1.1,64
47.5,-2.3,64
45.3,-0.6,64
43.4,6.0,64
45.0,0.1,64
45.2,-0.7,64
46.0,4.5,64
47.4,-3.2,64
50.3,2.7,64
45.3,3.8,64
43.6,6.6,64
46.2,6.4,64
47.7,-1.3,64
46.3,-1.4,64
46.7,-0.7,63
45.2,3.5,63
46.9,6.2,63
45.0,4.4,63
48.6,2.9,63
43.8,6.0,63
47.1,6.6,63
45.9,1.1,63
46.9,-1.8,63
48.1,2.3,63
50.8,1.8,63
45.9,3.4,63
47.7,-1.5,63
47.7,0.6,63
48.1,-1.0,63
49.2,1.7,63
44.5,6.3,63
45.5,5.4,63
45.2,6.4,63
44.7,1.4,63
46.0,1.3,63
47.1,6.1,63
45.7,2.8,62
48.4,5.1,62
44.9,5.8,62
48.5,-4.5,62
46.3,3.4,62
48.8,7.7,62
47.6,0.7,62
48.2,7.6,62
43.5,6.0,62
47.6,2.8,61
48.4,6.8,61
48.3,-1.5,61
42.8,1.6,61
49.2,0.9,61
48.7,-3.4,61
44.3,6.9,61
48.2,0.4,61
48.5,-1.7,61
48.3,-1.9,61
43.7,5.7,60
44.7,4.3,60
48.2,2.0,60
47.0,-1.7,60
43.3,-0.5,60
49.5,5.2,60
43.9,1.2,60
46.2,4.3,60
45.9,3.2,60
44.9,1.9,60
50.3,3.8,60
44.4,0.5,60
44.8,-0.4,60
48.0,2.4,60
49.4,2.3,60
47.8,2.8,60
46.6,5.0,60
46.8,-0.9,59
49.0,7.0,59
47.6,-2.9,59
48.8,5.6,59
43.7,5.1,59
47.4,6.5,59
44.2,5.0,59
44.9,-0.3,59
47.8,-0.1,59
48.8,-3.3,59
49.9,4.4,59
48.5,-1.1,59
46.7,0.2,59
45.9,4.1,59
48.2,-2.3,59
48.5,4.7,59
44.2,4.7,59
43.8,2.0,59
48.2,-4.0,59
47.5,3.5,59
44.8,4.0,59
47.5,6.9,58
46.6,-1.5,58
43.2,1.4,58
44.3,2.5,58
48.6,-1.2,58
47.3,1.2,58
48.6,0.7,58
49.5,-1.8,58
46.6,4.1,58
46.4,-0.3,57
44.8,3.8,57
44.2,1.2,57
45.2,4.9,57
43.5,0.6,57
45.6,-1.1,57
49.5,2.3,57
44.8,6.6,57
45.1,5.9,57
46.9,-1.7,57
47.2,0.0,57
43.5,0.9,56
43.6,1.6,56
44.3,3.1,56
44.5,5.8,56
48.6,-3.5,56
47.1,2.5,56
43.3,6.3,56
43.3,-1.6,56
48.2,0.0,56
45.8,4.0,56
44.5,5.1,56
46.6,-1.8,56
43.9,0.4,56
46.7,-1.7,55
46.0,6.4,55
49.0,0.1,55
46.3,4.5,55
46.4,6.4,55
49.0,-0.4,55
47.7,1.0,55
44.1,1.0,54
43.4,5.9,54
46.1,-0.3,54
50.0,4.7,54
50.9,2.3,54
48.0,-0.6,54
43.7,2.1,54
42.9,-0.1,54
47.9,-3.3,53
47.8,2.5,53
48.0,-3.7,53
43.6,-0.7,53
48.8,-1.3,53
47.8,0.0,53
46.9,-1.6,53
44.3,1.1,53
46.6,4.7,53
46.5,-0.9,53
43.9,7.2,53
50.8,2.5,53
44.2,4.8,53
48.3,7.7,53
44.3,3.2,53
46.2,-0.1,53
45.0,4.6,53
45.6,4.0,53
47.6,-0.6,52
46.1,6.8,52
47.9,6.9,52
46.6,5.8,52
47.9,1.5,52
47.4,5.8,52
43.7,3.1,52
45.9,3.6,52
46.3,1.4,52
48.4,-0.8,52
50.6,2.4,52
48.5,6.1,52
47.6,-1.7,52
44.7,-0.4,52
48.4,-2.9,52
43.9,-1.1,52
43.7,-0.1,52
44.3,0.3,52
48.1,-1.1,52
43.9,4.5,52
47.4,-0.3,51
47.8,-3.0,51
48.8,-1.2,51
44.6,-0.8,51
47.8,3.8,51
49.5,0.8,51
47.8,-0.2,51
48.1,3.3,51
45.9,4.6,51
46.3,-0.2,51
47.8,-4.3,51
50.3,3.0,51
43.2,-0.7,51
48.5,-1.0,51
46.8,-1.7,51
48.3,7.2,51
47.8,1.3,51
45.6,6.2,51
49.3,-0.8,51
45.6,-0.3,50
48.3,3.2,50
48.3,-1.1,50
51.0,2.6,50
48.9,6.0,50
46.2,1.1,50
43.7,3.0,50
43.4,-0.1,50
42.9,0.4,50
49.8,3.4,50
47.0,5.4,50
44.3,1.5,50
43.4,4.9,50
46.0,5.0,50
49.7,1.4,50
49.5,3.0,50
48.4,5.7,50
48.3,-2.7,49
44.8,6.5,49
43.7,-0.6,49
48.0,-3.9,49
49.1,-1.4,49
49.1,6.3,49
44.4,-0.2,49
48.7,6.1,49
44.5,2.2,48
49.1,1.4,48
46.0,2.2,48
45.8,0.3,48
50.1,3.8,48
47.1,-2.0,48
47.7,6.8,48
48.5,6.3,48
46.1,3.1,48
44.6,0.5,48
46.8,4.7,48
48.7,5.6,48
45.6,4.5,47
48.5,7.2,47
48.0,6.9,47
49.4,1.7,47
49.3,2.8,47
43.7,1.8,47
45.1,4.9,47
51.1,2.4,47
46.6,0.9,47
48.5,1.6,47
48.1,-4.0,47
49.7,1.3,47
48.9,1.6,46
47.5,-2.5,46
50.7,2.7,46
45.0,4.2,46
48.4,-2.1,46
46.3,4.6,46
47.1,6.2,46
43.3,1.7,46
47.2,5.0,46
48.7,1.1,46
47.4,-1.1,46
44.5,-1.1,46
48.0,7.6,46
45.9,1.4,46
49.5,2.7,46
49.5,6.0,46
47.0,5.7,46
44.8,4.9,46
49.9,2.2,46
44.4,0.2,45
45.7,3.4,45
44.7,5.9,45
44.8,4.6,45
48.4,2.1,45
47.3,-0.5,45
44.5,-0.2,45
49.7,4.7,45
45.3,0.5,45
43.9,5.9,45
46.3,4.2,45
47.2,5.9,45
46.2,4.8,45
46.7,-1.8,45
43.8,-0.6,45
44.2,2.5,45
49.7,2.8,45
45.3,4.8,45
47.9,-0.3,44
45.3,3.7,44
48.3,7.6,44
47.3,4.6,44
48.9,-1.5,44
43.9,4.2,44
48.3,7.3,44
43.0,-0.6,44
47.1,5.3,44
48.0,-2.6,44
43.6,-0.3,44
43.2,-0.9,44
49.8,2.5,44
46.7,-0.8,44
42.6,2.1,44
44.2,0.7,44
42.8,2.8,44
48.3,3.1,44
48.1,-0.3,44
47.6,5.2,44
45.6,3.7,44
49.3,5.9,44
48.9,6.6,44
46.9,0.7,44
48.4,-1.7,43
47.8,-1.2,43
45.1,-0.7,43
45.5,6.2,43
48.1,1.1,43
48.3,1.0,43
45.3,5.1,43
45.6,2.1,43
48.0,-3.4,43
48.5,-2.9,43
47.3,4.8,43
46.0,6.5,43
45.4,1.1,43
45.8,4.3,43
49.4,-1.8,43
48.7,-4.2,43
47.7,6.7,43
49.2,5.6,43
44.7,0.9,43
44.7,2.8,43
43.2,-1.2,43
49.0,6.8,43
43.5,0.4,43
45.7,4.5,43
46.2,5.0,42
47.0,2.5,42
44.1,4.5,42
45.8,3.6,42
49.0,3.9,42
48.5,5.5,42
45.9,-0.9,42
43.4,1.6,42
48.2,1.3,42
44.9,-0.1,42
47.8,-1.1,42
49.7,2.2,42
46.8,-0.4,42
48.1,7.5,42
46.2,1.2,42
47.2,5.7,42
47.2,5.3,42
47.9,3.6,42
45.3,4.6,42
47.3,5.9,42
45.6,-0.1,42
48.0,0.0,42
48.6,-4.2,42
47.8,0.1,42
47.8,-2.8,42
47.7,0.5,42
49.7,3.1,42
44.4,2.3,42
48.2,2.5,42
44.9,4.2,42
48.0,3.9,42
46.5,4.6,42
44.1,4.0,42
49.2,-1.5,42
48.8,1.4,42
49.4,1.9,42
49.7,3.0,42
46.6,0.6,42
45.2,3.7,41
47.5,0.8,41
47.8,0.8,41
48.9,1.5,41
50.1,3.5,41
47.9,6.7,41
47.7,-3.1,41
43.5,6.2,41
48.3,2.6,41
48.8,0.7,41
47.8,5.4,41
49.6,2.2,41
49.4,-1.5,41
45.8,0.8,41
47.2,6.7,41
43.1,1.3,41
48.9,7.2,41
45.6,1.4,41
46.0,4.2,41
47.0,3.4,41
47.8,1.4,41
48.0,3.6,41
48.4,0.9,41
48.7,-3.6,41
45.0,-0.5,41
47.1,5.2,41
45.2,0.1,40
45.7,1.4,40
48.3,1.6,40
46.4,4.6,40
47.1,0.6,40
47.4,-2.5,40
48.4,6.7,40
48.1,4.4,40
49.9,3.6,40
48.4,-3.7,40
45.7,-0.1,40
43.6,-0.4,40
44.2,1.8,40
46.4,5.6,40
49.1,5.4,40
46.0,4.9,40
49.2,5.8,40
48.7,4.6,40
47.1,-2.2,40
46.6,-0.4,40
49.9,4.5,40
49.3,-1.7,40
49.6,2.8,40
49.9,4.8,40
43.2,-0.5,40
49.4,0.9,40
43.2,3.3,39
47.3,5.4,39
49.5,0.7,39
46.0,-0.0,39
46.3,6.7,39
48.5,-1.9,39
49.1,4.0,39
48.5,1.2,39
43.1,-0.9,39
47.4,-0.7,39
47.0,-0.4,39
42.6,9.4,39
44.0,-1.3,39
43.8,-0.8,39
46.4,2.6,39
46.7,4.3,39
48.3,-4.1,39
48.9,4.4,39
49.2,1.8,39
47.2,5.8,39
49.2,2.2,39
49.0,4.1,38
45.3,5.3,38
48.4,6.9,38
47.8,2.2,38
44.1,0.3,38
43.7,0.9,38
46.9,5.0,38
44.8,4.1,38
50.1,3.7,38
48.2,4.5,38
45.3,-1.0,38
49.8,3.9,38
45.2,5.6,38
47.7,-2.5,38
43.2,-1.3,38
47.4,1.1,38
47.9,2.3,38
46.5,0.4,38
49.3,6.0,38
46.8,4.5,38
49.3,2.9,37
49.3,3.7,37
45.0,5.3,37
47.9,6.1,37
45.2,5.0,37
46.9,2.3,37
47.5,6.4,37
43.9,0.6,37
48.1,-0.9,37
44.8,3.9,37
46.2,5.9,37
48.5,-2.6,37
47.9,-3.5,37
47.9,1.1,37
45.9,3.8,37
47.6,-3.0,37
47.6,2.5,37
47.1,6.7,37
44.7,3.3,37
45.3,4.0,36
46.8,2.9,36
44.4,6.0,36
48.1,-3.8,36
43.6,5.8,36
44.5,3.2,36
44.7,2.2,36
47.5,0.3,36
48.6,-2.4,36
49.3,2.3,36
45.7,1.1,36
49.2,7.0,36
46.9,-0.2,36
48.9,8.2,36
47.4,6.8,36
48.9,7.1,36
47.8,2.3,36
47.6,-3.2,36
43.8,-1.4,36
47.9,5.0,36
50.0,2.0,36
43.7,3.6,35
48.8,1.5,35
46.6,-1.7,35
47.5,5.4,35
47.5,1.8,35
43.6,5.4,35
44.5,6.5,35
48.3,3.8,35
43.9,3.9,35
46.7,4.5,35
47.9,-2.0,35
44.3,2.8,35
48.2,-0.9,35
43.4,-0.8,35
44.9,5.6,35
43.5,-0.5,35
47.9,-0.2,35
49.5,0.9,35
43.9,-0.1,35
47.3,0.1,35
49.2,1.6,35
48.8,4.0,35
49.1,6.4,35
46.5,6.1,35
50.7,2.4,35
50.0,1.4,35
44.8,3.3,35
41.9,9.4,35
45.6,3.6,35
48.6,6.8,35
48.8,3.0,35
50.6,3.3,35
43.9,0.1,34
50.0,2.1,34
48.8,-0.5,34
47.0,0.8,34
44.6,2.2,34
47.4,6.1,34
46.0,5.9,34
45.4,2.4,34
45.1,4.7,34
45.1,-1.0,34
44.8,5.8,34
43.7,1.1,34
46.5,4.9,34
47.0,0.2,34
45.7,-0.4,34
48.0,-3.0,34
45.5,6.8,34
46.2,3.7,34
46.5,-1.5,34
48.2,5.6,34
46.0,6.9,34
48.4,1.8,34
44.3,2.1,34
45.0,0.3,34
47.2,6.9,34
44.3,1.0,34
48.1,-2.6,34
48.3,1.1,34
48.3,-3.9,33
47.1,4.9,33
45.2,-0.9,33
42.3,9.5,33
45.6,0.3,33
49.9,3.7,33
49.1,7.0,33
44.5,2.7,33
48.8,1.8,33
44.0,6.5,33
45.3,5.5,33
50.8,1.7,33
48.4,0.4,33
47.6,-2.4,33
48.9,7.3,33
48.6,-4.0,33
49.6,2.9,33
45.3,1.6,33
48.6,-1.6,33
43.6,-1.3,33
47.9,-1.9,33
47.8,3.5,33
44.1,1.3,33
49.5,1.4,33
45.1,1.9,33
49.6,2.0,33
49.0,7.8,33
49.1,7.3,33
48.6,-1.3,33
44.4,4.2,33
49.9,4.6,33
49.3,6.5,33
48.2,2.7,33
49.2,-0.5,33
48.6,-1.5,33
44.7,1.3,33
47.0,-0.5,32
49.6,-1.7,32
44.4,-0.8,32
43.8,-0.0,32
44.8,1.0,32
46.1,-1.1,32
49.3,0.1,32
46.5,2.6,32
49.4,2.5,32
48.6,-0.1,32
48.0,-3.5,32
44.4,2.8,32
47.1,1.2,32
48.9,1.8,32
47.7,0.0,32
46.3,-0.6,32
47.4,0.5,32
47.5,1.4,32
49.0,6.0,32
46.8,-1.3,32
47.7,-2.3,32
46.8,5.2,32
45.5,0.8,32
45.5,5.9,32
44.1,5.4,31
44.0,1.6,31
47.3,1.7,31
47.9,-3.7,31
44.8,0.3,31
49.1,1.9,31
46.6,6.0,31
46.9,3.3,31
49.0,-1.6,31
44.8,6.7,31
49.7,2.6,31
42.5,2.6,31
47.3,5.3,31
47.8,-2.5,31
48.0,6.8,31
46.9,0.6,31
46.7,-1.3,31
43.7,5.9,31
44.7,4.7,31
49.3,5.8,31
45.6,6.4,31
45.2,4.6,31
48.1,1.0,31
43.5,-1.3,31
48.5,-5.1,31
44.0,3.0,31
45.0,1.7,31
46.2,1.6,31
48.2,-3.7,31
47.9,-4.1,31
47.4,-2.4,31
49.5,4.4,31
44.4,2.4,31
47.1,4.5,31
44.6,1.2,31
